LOCATION,DATES,MIN . TEMPERATURE,MAX. TEMPERATURE,AVG. TEMPERATURE,AVG. Humidity(%),IMAGES,DIRECT_LINK,Vegetation_Density,Green_Density
GREATER NOIDA ,01-01-1985,4,24,13,53,https://drive.google.com/file/d/1jUGrc4-_WgvqtvfCEjv8lnJlH99kXGHh/view?usp=sharing,https://drive.google.com/uc?export=download&id=1jUGrc4-_WgvqtvfCEjv8lnJlH99kXGHh,,19.57092285
GREATER NOIDA ,31-12-1985,7,21,14,70,https://drive.google.com/file/d/1bsHKaKW-PoUlmhbfd5D59mgtZGzdi1fv/view?usp=sharing,https://drive.google.com/uc?export=download&id=1bsHKaKW-PoUlmhbfd5D59mgtZGzdi1fv,,13.4262085
GREATER NOIDA ,31-12-1986,7,21,14,70,https://drive.google.com/file/d/1FtouecyNNaPkzh_1UefLt7iA9t6BcIxn/view?usp=sharing,https://drive.google.com/uc?export=download&id=1FtouecyNNaPkzh_1UefLt7iA9t6BcIxn,,15.35797119
GREATER NOIDA ,31-12-1987,7,21,14,70,https://drive.google.com/file/d/1a6FBmezSyws_d8kv7bGb3XY1fdRwXO32/view?usp=sharing,https://drive.google.com/uc?export=download&id=1a6FBmezSyws_d8kv7bGb3XY1fdRwXO32,,15.34576416
GREATER NOIDA ,31-12-1988,7,21,14,70,https://drive.google.com/file/d/1HuRBz284q6sSlrRoqfD2f1wWW3D4nNwM/view?usp=sharing,https://drive.google.com/uc?export=download&id=1HuRBz284q6sSlrRoqfD2f1wWW3D4nNwM,,15.38238525
GREATER NOIDA ,31-12-1989,7,21,14,70,https://drive.google.com/file/d/1xmcEEvDqMbVSaIVznACT5KMgcygrTPo2/view?usp=sharing,https://drive.google.com/uc?export=download&id=1xmcEEvDqMbVSaIVznACT5KMgcygrTPo2,,15.6539917
GREATER NOIDA ,31-12-1990,7,21,14,70,https://drive.google.com/file/d/1CgzrIOR6JU8Cw5dPUj4d94FeqLe_Fe4B/view?usp=sharing,https://drive.google.com/uc?export=download&id=1CgzrIOR6JU8Cw5dPUj4d94FeqLe_Fe4B,,15.43884277
GREATER NOIDA ,31-12-1991,7,21,14,70,https://drive.google.com/file/d/1_1hHTUf7mGzzRkdwwctkKkXnliVYQlhM/view?usp=sharing,https://drive.google.com/uc?export=download&id=1_1hHTUf7mGzzRkdwwctkKkXnliVYQlhM,,14.56604004
GREATER NOIDA ,31-12-1992,7,21,14,70,https://drive.google.com/file/d/1Ylu6f4tfgomfRN8snCaKE_vpz7w9CnHS/view?usp=sharing,https://drive.google.com/uc?export=download&id=1Ylu6f4tfgomfRN8snCaKE_vpz7w9CnHS,,26.2802124
GREATER NOIDA ,31-12-1993,7,21,14,70,https://drive.google.com/file/d/1si4MQu8KHLoGWh4ktFNq1HpIIJ4h79xd/view?usp=sharing,https://drive.google.com/uc?export=download&id=1si4MQu8KHLoGWh4ktFNq1HpIIJ4h79xd,,22.17559814
GREATER NOIDA ,31-12-1994,7,21,14,70,https://drive.google.com/file/d/1si4MQu8KHLoGWh4ktFNq1HpIIJ4h79xd/view?usp=sharing,https://drive.google.com/uc?export=download&id=1si4MQu8KHLoGWh4ktFNq1HpIIJ4h79xd,,22.17559814
GREATER NOIDA ,31-12-1995,7,21,14,70,https://drive.google.com/file/d/1uVsqqFdHRMnmlGPVP-mmDnptXPIqqkVD/view?usp=sharing,https://drive.google.com/uc?export=download&id=1uVsqqFdHRMnmlGPVP-mmDnptXPIqqkVD,,15.13824463
GREATER NOIDA ,31-12-1996,7,21,14,70,https://drive.google.com/file/d/1T_t2j3NM7LeWpEkBDied7ZM46LcfpidV/view?usp=sharing,https://drive.google.com/uc?export=download&id=1T_t2j3NM7LeWpEkBDied7ZM46LcfpidV,,25.18310547
GREATER NOIDA ,31-12-1997,7,21,14,70,https://drive.google.com/file/d/1nzvZC4Dz-vd_LgIItXkot-wCI85eECzJ/view?usp=sharing,https://drive.google.com/uc?export=download&id=1nzvZC4Dz-vd_LgIItXkot-wCI85eECzJ,,33.35571289
GREATER NOIDA ,31-12-1998,7,21,14,70,https://drive.google.com/file/d/1rLZMWmIJ0m8mJViMFsiIhzZ4-kDS3BXC/view?usp=sharing,https://drive.google.com/uc?export=download&id=1rLZMWmIJ0m8mJViMFsiIhzZ4-kDS3BXC,,37.88146973
GREATER NOIDA ,31-12-1999,7,21,14,70,https://drive.google.com/file/d/1tOyUuC6MgYLpCMozJJ5S-9fZteYofCC0/view?usp=sharing,https://drive.google.com/uc?export=download&id=1tOyUuC6MgYLpCMozJJ5S-9fZteYofCC0,,33.35113525
GREATER NOIDA ,31-12-2000,9,22,15.5,69,https://drive.google.com/file/d/1xdjY0QIE0wxyH-626ydPxsn-hgmd7sX4/view?usp=sharing,https://drive.google.com/uc?export=download&id=1xdjY0QIE0wxyH-626ydPxsn-hgmd7sX4,,32.55615234
GREATER NOIDA ,31-12-2001,9,22,15.5,69,https://drive.google.com/file/d/1U9cTn0aGqE-JCwfvUlq-CXpWCFVqzdaf/view?usp=sharing,https://drive.google.com/uc?export=download&id=1U9cTn0aGqE-JCwfvUlq-CXpWCFVqzdaf,,28.35845947
GREATER NOIDA ,31-12-2002,9,22,15.5,69,https://drive.google.com/file/d/1FUuACeYKfe2-KY_hiwJ710MsZ_c4aeiA/view?usp=sharing,https://drive.google.com/uc?export=download&id=1FUuACeYKfe2-KY_hiwJ710MsZ_c4aeiA,,29.22210693
GREATER NOIDA ,31-12-2003,9,22,15.5,69,https://drive.google.com/file/d/1BNkrmiu_lTcjrK77nmi42e1HXmgRc6EV/view?usp=sharing,https://drive.google.com/uc?export=download&id=1BNkrmiu_lTcjrK77nmi42e1HXmgRc6EV,,18.5836792
GREATER NOIDA ,31-12-2004,9,22,15.5,69,https://drive.google.com/file/d/1YPNMH9p3CYJsZ7buRlmHCB7e5jWxpTHG/view?usp=sharing,https://drive.google.com/uc?export=download&id=1YPNMH9p3CYJsZ7buRlmHCB7e5jWxpTHG,,23.45123291
GREATER NOIDA ,31-12-2006,9,22,15.5,69,https://drive.google.com/file/d/1P645N8AQZxMxY2zxBRFcjdMyDNTZ_Kg4/view?usp=sharing,https://drive.google.com/uc?export=download&id=1P645N8AQZxMxY2zxBRFcjdMyDNTZ_Kg4,,17.68493652
GREATER NOIDA ,31-12-2007,9,22,15.5,69,https://drive.google.com/file/d/1p0z8NmG9309ru9f4zZVbz0zrNFTiuxzq/view?usp=sharing,https://drive.google.com/uc?export=download&id=1p0z8NmG9309ru9f4zZVbz0zrNFTiuxzq,,15.78826904
GREATER NOIDA ,31-12-2008,9,22,15.5,69,https://drive.google.com/file/d/1p0z8NmG9309ru9f4zZVbz0zrNFTiuxzq/view?usp=sharing,https://drive.google.com/uc?export=download&id=1p0z8NmG9309ru9f4zZVbz0zrNFTiuxzq,,15.78826904
GREATER NOIDA ,01-04-2009,20,35,28,30,https://drive.google.com/file/d/1TsK0LWdySr925VoybQ8hGGYvEP1IXebg/view?usp=sharing,https://drive.google.com/uc?export=download&id=1TsK0LWdySr925VoybQ8hGGYvEP1IXebg,,32.31201172
GREATER NOIDA ,19-04-2009,22,37,29.5,30,https://drive.google.com/file/d/1p0PKpKaf0b8IHirl59qaWQnm8lNrocYK/view?usp=sharing,https://drive.google.com/uc?export=download&id=1p0PKpKaf0b8IHirl59qaWQnm8lNrocYK,,50.56762695
GREATER NOIDA ,01-05-2009,25,40,32.5,35,https://drive.google.com/file/d/1O6MkVJRga--2ia-SVRNLJzbf1sbIasIj/view?usp=sharing,https://drive.google.com/uc?export=download&id=1O6MkVJRga--2ia-SVRNLJzbf1sbIasIj,,9.703063965
GREATER NOIDA ,25-05-2009,28,42,35,40,https://drive.google.com/file/d/1HqG5lgrMgTshXW7qhJybuwh9gRDcmcTk/view?usp=sharing,https://drive.google.com/uc?export=download&id=1HqG5lgrMgTshXW7qhJybuwh9gRDcmcTk,,37.63122559
GREATER NOIDA ,01-09-2009,26,34,30,75,https://drive.google.com/file/d/1HqG5lgrMgTshXW7qhJybuwh9gRDcmcTk/view?usp=sharing,https://drive.google.com/uc?export=download&id=1HqG5lgrMgTshXW7qhJybuwh9gRDcmcTk,,37.63122559
GREATER NOIDA ,25-09-2009,24,33,28.5,70,https://drive.google.com/file/d/1Lrvu6RjEdTVUt_jVWdKwJPAhvL4veiSa/view?usp=sharing,https://drive.google.com/uc?export=download&id=1Lrvu6RjEdTVUt_jVWdKwJPAhvL4veiSa,,30.35125732
GREATER NOIDA ,31-12-2009,8,20,14,60,https://drive.google.com/file/d/1yB5nqKJlIQS8Ni8-VkfyeGyPK-M8PBKE/view?usp=sharing,https://drive.google.com/uc?export=download&id=1yB5nqKJlIQS8Ni8-VkfyeGyPK-M8PBKE,,10.78948975
GREATER NOIDA ,31-12-2010,10,18,14,34,https://drive.google.com/file/d/1VoqHnwkqfZWEoz2tnppjeEIayxyFHgd8/view?usp=sharing,https://drive.google.com/uc?export=download&id=1VoqHnwkqfZWEoz2tnppjeEIayxyFHgd8,,17.95043945
GREATER NOIDA ,01-01-2011,9,17,13,35,https://drive.google.com/file/d/1S6GNr_YBIoaz70K1qrP9AAsJLebVFf9E/view?usp=sharing,https://drive.google.com/uc?export=download&id=1S6GNr_YBIoaz70K1qrP9AAsJLebVFf9E,,16.22619629
GREATER NOIDA ,03-01-2011,8,16,12,36,https://drive.google.com/file/d/1wCgEvKGfAV6bC28DoC4XirvNgn2X2o1Z/view?usp=sharing,https://drive.google.com/uc?export=download&id=1wCgEvKGfAV6bC28DoC4XirvNgn2X2o1Z,,30.58319092
GREATER NOIDA ,16-01-2011,7,15,11,37,https://drive.google.com/file/d/1Ypdnqp2C8JGhu-CeIBco1YVHa829E7Lk/view?usp=sharing,https://drive.google.com/uc?export=download&id=1Ypdnqp2C8JGhu-CeIBco1YVHa829E7Lk,,5.796813965
GREATER NOIDA ,01-05-2011,24,39,31.5,20,https://drive.google.com/file/d/1s-5rH1w67r6x_6RcJ7EHqDrEBEsbaaam/view?usp=sharing,https://drive.google.com/uc?export=download&id=1s-5rH1w67r6x_6RcJ7EHqDrEBEsbaaam,,16.41235352
GREATER NOIDA ,26-05-2011,27,42,34.5,18,https://drive.google.com/file/d/102WRwzM-bS7XzkWhl66SDCvUZB3BbvHi/view?usp=sharing,https://drive.google.com/uc?export=download&id=102WRwzM-bS7XzkWhl66SDCvUZB3BbvHi,,5.59387207
GREATER NOIDA ,01-06-2011,28,41,34.5,25,https://drive.google.com/file/d/1pwSwPVfB5J-GiKhEN_e1Gzq7sDtTInQ8/view?usp=sharing,https://drive.google.com/uc?export=download&id=1pwSwPVfB5J-GiKhEN_e1Gzq7sDtTInQ8,,13.45062256
GREATER NOIDA ,09-06-2011,29,40,34.5,30,https://drive.google.com/file/d/1dzHe53MP69pQCZsDvXnNlvQ1QPRijmz9/view?usp=sharing,https://drive.google.com/uc?export=download&id=1dzHe53MP69pQCZsDvXnNlvQ1QPRijmz9,,5.809020996
GREATER NOIDA ,01-10-2011,18,33,25.5,45,https://drive.google.com/file/d/1g-AVvfOed0T-zNT2xU0tF5mtY5ZSE_KL/view?usp=sharing,https://drive.google.com/uc?export=download&id=1g-AVvfOed0T-zNT2xU0tF5mtY5ZSE_KL,,19.18640137
GREATER NOIDA ,12-10-2011,19,32,25.5,50,https://drive.google.com/file/d/1Y1G6MEQlbA78AQBEbCXmCrIiDCAFDBvX/view?usp=sharing,https://drive.google.com/uc?export=download&id=1Y1G6MEQlbA78AQBEbCXmCrIiDCAFDBvX,,9.922790527
GREATER NOIDA ,01-11-2011,18,29,23.5,55,https://drive.google.com/file/d/1mVwUen9_S6HbjBvCQxyhqNgrrHri9MOu/view?usp=sharing,https://drive.google.com/uc?export=download&id=1mVwUen9_S6HbjBvCQxyhqNgrrHri9MOu,,1.908874512
GREATER NOIDA ,14-12-2011,17,28,22.5,60,https://drive.google.com/file/d/1cxM16tdq0LDX-SdluwKINtvIQZlUoPFE/view?usp=sharing,https://drive.google.com/uc?export=download&id=1cxM16tdq0LDX-SdluwKINtvIQZlUoPFE,,1.112365723
GREATER NOIDA ,14-11-2011,12,22,17,65,https://drive.google.com/file/d/1ntVU5V9lHqQf_xQm-6SVwUEACp9nNer9/view?usp=sharing,https://drive.google.com/uc?export=download&id=1ntVU5V9lHqQf_xQm-6SVwUEACp9nNer9,,1.084899902
GREATER NOIDA ,30-12-2011,10,20,15,34,https://drive.google.com/file/d/1LGLDgB1kv_QjFC4My1-lXOwi8gXDCCZr/view?usp=sharing,https://drive.google.com/uc?export=download&id=1LGLDgB1kv_QjFC4My1-lXOwi8gXDCCZr,,4.760742188
GREATER NOIDA ,09-11-2012,15,28,21.5,60,https://drive.google.com/file/d/1Me3l2PSVlFX4rQQgpkz8nJ5MXXBKPpVo/view?usp=sharing,https://drive.google.com/uc?export=download&id=1Me3l2PSVlFX4rQQgpkz8nJ5MXXBKPpVo,,3.741455078
GREATER NOIDA ,20-11-2012,13,26,19.5,65,https://drive.google.com/file/d/1Me3l2PSVlFX4rQQgpkz8nJ5MXXBKPpVo/view?usp=sharing,https://drive.google.com/uc?export=download&id=1Me3l2PSVlFX4rQQgpkz8nJ5MXXBKPpVo,,3.741455078
GREATER NOIDA ,31-12-2011,10,20,15,34,https://drive.google.com/file/d/1BZC7FHRzz9nTdjPazCA2ZV7vUYrqIYmr/view?usp=sharing,https://drive.google.com/uc?export=download&id=1BZC7FHRzz9nTdjPazCA2ZV7vUYrqIYmr,,16.43371582
GREATER NOIDA ,01-12-2012,12,24,18,55,https://drive.google.com/file/d/1C_xSLz7cIDpPrreNq5wgxe6hbRpon0kQ/view?usp=sharing,https://drive.google.com/uc?export=download&id=1C_xSLz7cIDpPrreNq5wgxe6hbRpon0kQ,,3.927612305
GREATER NOIDA ,30-12-2012,8,20,14,60,https://drive.google.com/file/d/13KZYDNxgjzwcm3QTM_41a39omI7icuaZ/view?usp=sharing,https://drive.google.com/uc?export=download&id=13KZYDNxgjzwcm3QTM_41a39omI7icuaZ,,19.53277588
GREATER NOIDA ,31-12-2012,7,19,13,62,https://drive.google.com/file/d/13KZYDNxgjzwcm3QTM_41a39omI7icuaZ/view?usp=sharing,https://drive.google.com/uc?export=download&id=13KZYDNxgjzwcm3QTM_41a39omI7icuaZ,,19.53277588
GREATER NOIDA ,01-03-2013,12,25,18.5,50,https://drive.google.com/file/d/19blPRLcduSR3xLxCgOjr7elSfBCcpZIo/view?usp=sharing,https://drive.google.com/uc?export=download&id=19blPRLcduSR3xLxCgOjr7elSfBCcpZIo,,4.512023926
GREATER NOIDA ,11-03-2013,14,27,20.5,45,https://drive.google.com/file/d/1dwl4sV-I2kdpReTnvqqxLF9Ho4Sfjz3i/view?usp=sharing,https://drive.google.com/uc?export=download&id=1dwl4sV-I2kdpReTnvqqxLF9Ho4Sfjz3i,,3.837585449
GREATER NOIDA ,01-10-2013,20,33,26.5,55,https://drive.google.com/file/d/1XtVUkXV2P5ViLar4bxHvj_KzOO6j-XaW/view?usp=sharing,https://drive.google.com/uc?export=download&id=1XtVUkXV2P5ViLar4bxHvj_KzOO6j-XaW,,1.513671875
GREATER NOIDA ,30-10-2013,17,30,23.5,60,https://drive.google.com/file/d/1LTWsYHMTNC99nupfucOrqvWSbBtRp6K_/view?usp=sharing,https://drive.google.com/uc?export=download&id=1LTWsYHMTNC99nupfucOrqvWSbBtRp6K_,,0.151062012
GREATER NOIDA ,31-12-2013,8,20,14,65,https://drive.google.com/file/d/1OYUBCmVlD6wGGgfn7ffhwpxSrIJuSB2g/view?usp=sharing,https://drive.google.com/uc?export=download&id=1OYUBCmVlD6wGGgfn7ffhwpxSrIJuSB2g,,14.06707764
GREATER NOIDA ,01-02-2014,9,22,15.5,60,https://drive.google.com/file/d/1OfgWgFkUpGO1J41PHz9mC1S9CL4hhkjy/view?usp=sharing,https://drive.google.com/uc?export=download&id=1OfgWgFkUpGO1J41PHz9mC1S9CL4hhkjy,,0.321960449
GREATER NOIDA ,24-02-2014,11,24,17.5,55,https://drive.google.com/file/d/1g2HKZWzf90ziVAPPvKV59aphlmF6kWie/view?usp=sharing,https://drive.google.com/uc?export=download&id=1g2HKZWzf90ziVAPPvKV59aphlmF6kWie,,0
GREATER NOIDA ,01-03-2014,13,26,19.5,50,https://drive.google.com/file/d/1X43DtkODTymTOmSDKToEuZMjK-PoUp3k/view?usp=sharing,https://drive.google.com/uc?export=download&id=1X43DtkODTymTOmSDKToEuZMjK-PoUp3k,,0.263977051
GREATER NOIDA ,03-03-2014,14,27,20.5,48,https://drive.google.com/file/d/1W7Btd4hExsCxjBj_-QoSAJtxFxQEuLbe/view?usp=sharing,https://drive.google.com/uc?export=download&id=1W7Btd4hExsCxjBj_-QoSAJtxFxQEuLbe,,0.030517578
GREATER NOIDA ,01-12-2014,10,23,16.5,58,https://drive.google.com/file/d/1MbZA0CAekFoAZN7WkTD1pK-IpGIecnrK/view?usp=sharing,https://drive.google.com/uc?export=download&id=1MbZA0CAekFoAZN7WkTD1pK-IpGIecnrK,,0.294494629
GREATER NOIDA ,30-12-2014,8,20,14,60,https://drive.google.com/file/d/1KxcFGVVhcHt4ZBp157r-cjHmAFTqm9K5/view?usp=sharing,https://drive.google.com/uc?export=download&id=1KxcFGVVhcHt4ZBp157r-cjHmAFTqm9K5,,0.019836426
GREATER NOIDA ,01-01-2015,7,19,13,62,https://drive.google.com/file/d/1OfgWgFkUpGO1J41PHz9mC1S9CL4hhkjy/view?usp=sharing,https://drive.google.com/uc?export=download&id=1OfgWgFkUpGO1J41PHz9mC1S9CL4hhkjy,,0.321960449
GREATER NOIDA ,05-01-2015,6,18,12,65,https://drive.google.com/file/d/1p-7SkxnQ60-q021sZeZaxe78DB1GwbLm/view?usp=sharing,https://drive.google.com/uc?export=download&id=1p-7SkxnQ60-q021sZeZaxe78DB1GwbLm,,12.88146973
GREATER NOIDA ,01-03-2015,12,25,18.5,50,https://drive.google.com/file/d/1Dm7g52zwDDpsyHSy28KgS1Q7J8uss0f1/view?usp=sharing,https://drive.google.com/uc?export=download&id=1Dm7g52zwDDpsyHSy28KgS1Q7J8uss0f1,,8.013916016
GREATER NOIDA ,21-03-2015,14,28,21,45,https://drive.google.com/file/d/1UjdoYup7JSSL_gzbSDH2ciBSwEVbcHHB/view?usp=sharing,https://drive.google.com/uc?export=download&id=1UjdoYup7JSSL_gzbSDH2ciBSwEVbcHHB,,0.227355957
GREATER NOIDA ,01-06-2015,28,40,34,35,https://drive.google.com/file/d/1UjdoYup7JSSL_gzbSDH2ciBSwEVbcHHB/view?usp=sharing,https://drive.google.com/uc?export=download&id=1UjdoYup7JSSL_gzbSDH2ciBSwEVbcHHB,,0.227355957
GREATER NOIDA ,16-06-2015,29,39,34,40,https://drive.google.com/file/d/1voqPkPVQDBIFKFWJ-IGJ6TxT6xYVK05U/view?usp=sharing,https://drive.google.com/uc?export=download&id=1voqPkPVQDBIFKFWJ-IGJ6TxT6xYVK05U,,0.001525879
GREATER NOIDA ,01-12-2015,10,23,16.5,58,https://drive.google.com/file/d/1PIAVvk90psLCG18my36CQUg2h_Lu6sZL/view?usp=sharing,https://drive.google.com/uc?export=download&id=1PIAVvk90psLCG18my36CQUg2h_Lu6sZL,,5.569458008
GREATER NOIDA ,05-12-2015,9,22,15.5,60,https://drive.google.com/file/d/1PcAHTiYKrkkpTvIWjs97yw0ueY63hxKI/view?usp=sharing,https://drive.google.com/uc?export=download&id=1PcAHTiYKrkkpTvIWjs97yw0ueY63hxKI,,4.22668457
GREATER NOIDA ,06-12-2015,9,21,15,61,https://drive.google.com/file/d/1PsjJU5AWal3bP40BDr9fc4zOsmQk-DDO/view?usp=sharing,https://drive.google.com/uc?export=download&id=1PsjJU5AWal3bP40BDr9fc4zOsmQk-DDO,,3.936767578
GREATER NOIDA ,15-12-2015,8,20,14,62,https://drive.google.com/file/d/1_9TC75usnHlr505nZ-AEaaAdx1j2kNDh/view?usp=sharing,https://drive.google.com/uc?export=download&id=1_9TC75usnHlr505nZ-AEaaAdx1j2kNDh,,5.690002441
GREATER NOIDA ,19-12-2015,7,19,13,63,https://drive.google.com/file/d/12Cw41KA7UGp3S_fA9zzb0JSlf-5VFfCe/view?usp=sharing,https://drive.google.com/uc?export=download&id=12Cw41KA7UGp3S_fA9zzb0JSlf-5VFfCe,,7.754516602
GREATER NOIDA ,28-12-2015,6,18,12,64,https://drive.google.com/file/d/1jVKUeuziS6kaarSqXXuKk7wdyYd1crqN/view?usp=sharing,https://drive.google.com/uc?export=download&id=1jVKUeuziS6kaarSqXXuKk7wdyYd1crqN,,11.62414551
GREATER NOIDA ,29-12-2015,6,17,11.5,65,https://drive.google.com/file/d/1K3uUyQ5PG40xzcem4hgj6Cnj5hCS28QL/view?usp=sharing,https://drive.google.com/uc?export=download&id=1K3uUyQ5PG40xzcem4hgj6Cnj5hCS28QL,,0
GREATER NOIDA ,30-12-2015,5,17,11,66,https://drive.google.com/file/d/1JDuXNO8TbfHOWlNZjwEjKzkov4Urx5F9/view?usp=sharing,https://drive.google.com/uc?export=download&id=1JDuXNO8TbfHOWlNZjwEjKzkov4Urx5F9,,12.74719238
GREATER NOIDA ,01-01-2016,11,22,16,79,https://drive.google.com/file/d/1-s6hwAPU56cQCe-5yfPeDXc-yjMQ691M/view?usp=sharing,https://drive.google.com/uc?export=download&id=1-s6hwAPU56cQCe-5yfPeDXc-yjMQ691M,,0.04119873
GREATER NOIDA ,07-01-2016,11,22,16,79,https://drive.google.com/file/d/1QUPiCIHOvzlUXxIPgA4PkOK231VU6MvD/view?usp=sharing,https://drive.google.com/uc?export=download&id=1QUPiCIHOvzlUXxIPgA4PkOK231VU6MvD,,0.009155273
GREATER NOIDA ,01-02-2016,14,26,19,65,https://drive.google.com/file/d/1qfTy8TyLTAsFM1htu6ZZqyH33C5jINXB/view?usp=sharing,https://drive.google.com/uc?export=download&id=1qfTy8TyLTAsFM1htu6ZZqyH33C5jINXB,,0
GREATER NOIDA ,29-02-2016,14,26,19,65,https://drive.google.com/file/d/1vrW5FKxph0SWiDr0OBGuBsU2eNEyr6Lo/view?usp=sharing,https://drive.google.com/uc?export=download&id=1vrW5FKxph0SWiDr0OBGuBsU2eNEyr6Lo,,0
GREATER NOIDA ,01-03-2016,14,26,20,50,https://drive.google.com/file/d/180QhwEMfoio-1pFCGEqG408ZNBeZ22Qm/view?usp=sharing,https://drive.google.com/uc?export=download&id=180QhwEMfoio-1pFCGEqG408ZNBeZ22Qm,,0
GREATER NOIDA ,13-03-2016,14,26,20,50,https://drive.google.com/file/d/180QhwEMfoio-1pFCGEqG408ZNBeZ22Qm/view?usp=sharing,https://drive.google.com/uc?export=download&id=180QhwEMfoio-1pFCGEqG408ZNBeZ22Qm,,0
GREATER NOIDA ,15-03-2016,14,26,20,50,https://drive.google.com/file/d/1sTwELGNY77kZiHcJPK5qUc4itrDcEYoW/view?usp=sharing,https://drive.google.com/uc?export=download&id=1sTwELGNY77kZiHcJPK5qUc4itrDcEYoW,,2.981567383
GREATER NOIDA ,16-03-2016,14,26,20,50,https://drive.google.com/file/d/1lc4tZ-imsijPYktm0XzKQfeGDmLTxn0V/view?usp=sharing,https://drive.google.com/uc?export=download&id=1lc4tZ-imsijPYktm0XzKQfeGDmLTxn0V,,2.825927734
GREATER NOIDA ,19-03-2016,14,26,20,50,https://drive.google.com/file/d/1kfjBayuVXvIpC39fEI-sq5_5SlvB4Yfl/view?usp=sharing,https://drive.google.com/uc?export=download&id=1kfjBayuVXvIpC39fEI-sq5_5SlvB4Yfl,,1.165771484
GREATER NOIDA ,24-03-2016,14,26,20,50,https://drive.google.com/file/d/1CQnbiPxDNthKLIl_Pn_wX9XlNgmDUAva/view?usp=sharing,https://drive.google.com/uc?export=download&id=1CQnbiPxDNthKLIl_Pn_wX9XlNgmDUAva,,5.381774902
GREATER NOIDA ,30-03-2016,14,26,20,50,https://drive.google.com/file/d/1yNH0uBnuu2oteG-tIRH5mXQIo1mp1u8V/view?usp=sharing,https://drive.google.com/uc?export=download&id=1yNH0uBnuu2oteG-tIRH5mXQIo1mp1u8V,,6.037902832
GREATER NOIDA ,01-05-2016,26,40,33,25,https://drive.google.com/file/d/1TG-MIgdwvcqAJuDRqdsifR5cs3r3Zxvd/view?usp=sharing,https://drive.google.com/uc?export=download&id=1TG-MIgdwvcqAJuDRqdsifR5cs3r3Zxvd,,5.953979492
GREATER NOIDA ,12-05-2016,26,40,33,25,https://drive.google.com/file/d/1zHG5IUp_s_t1qEGSkwplCWj4qiTtUQvw/view?usp=sharing,https://drive.google.com/uc?export=download&id=1zHG5IUp_s_t1qEGSkwplCWj4qiTtUQvw,,5.35736084
GREATER NOIDA ,01-08-2016,26,34,30,67,https://drive.google.com/file/d/1XefSsMOnYl3n_lIhcpBrDnwFuHGBItGu/view?usp=sharing,https://drive.google.com/uc?export=download&id=1XefSsMOnYl3n_lIhcpBrDnwFuHGBItGu,,35.14709473
GREATER NOIDA ,15-08-2016,26,34,30,67,https://drive.google.com/file/d/15rx_gyWSBlhnkudq-QLXzhjshzFmhLHj/view?usp=sharing,https://drive.google.com/uc?export=download&id=15rx_gyWSBlhnkudq-QLXzhjshzFmhLHj,,0.653076172
GREATER NOIDA ,21-08-2016,26,34,30,67,https://drive.google.com/file/d/1tS0tAg8kvuNuTZ9Dt_UOdhtwohViild3/view?usp=sharing,https://drive.google.com/uc?export=download&id=1tS0tAg8kvuNuTZ9Dt_UOdhtwohViild3,,29.92248535
GREATER NOIDA ,26-08-2016,26,34,30,67,https://drive.google.com/file/d/1x6bHI4piEbnhY-ZrxBUCEuIuLYAVeLKw/view?usp=sharing,https://drive.google.com/uc?export=download&id=1x6bHI4piEbnhY-ZrxBUCEuIuLYAVeLKw,,0
GREATER NOIDA ,28-08-2016,26,34,30,67,https://drive.google.com/file/d/11pGaLOA3t11-2LZlDW39NQ8G-Pr-jroX/view?usp=sharing,https://drive.google.com/uc?export=download&id=11pGaLOA3t11-2LZlDW39NQ8G-Pr-jroX,,1.136779785
GREATER NOIDA ,29-08-2016,26,34,30,67,https://drive.google.com/file/d/10xJ6hHVan8xBsT9zmat4IThWeHc_l3SW/view?usp=sharing,https://drive.google.com/uc?export=download&id=10xJ6hHVan8xBsT9zmat4IThWeHc_l3SW,,0
GREATER NOIDA ,01-09-2016,26,34,30,60,https://drive.google.com/file/d/10dMc5lf_o6kWyNq11N-GZLeyZGFMzHU-/view?usp=sharing,https://drive.google.com/uc?export=download&id=10dMc5lf_o6kWyNq11N-GZLeyZGFMzHU-,,4.766845703
GREATER NOIDA ,14-09-2016,26,34,30,60,https://drive.google.com/file/d/1yAFlLG3JFWsJTmsXe46TMJr4Hgj4OMbv/view?usp=sharing,https://drive.google.com/uc?export=download&id=1yAFlLG3JFWsJTmsXe46TMJr4Hgj4OMbv,,4.333496094
GREATER NOIDA ,01-10-2016,20,34,27,45,https://drive.google.com/file/d/1tFBDkw0-uk0cN7PwsgIKdaROBH3kSQLd/view?usp=sharing,https://drive.google.com/uc?export=download&id=1tFBDkw0-uk0cN7PwsgIKdaROBH3kSQLd,,19.84863281
GREATER NOIDA ,08-10-2016,20,34,27,45,https://drive.google.com/file/d/1D91YnHG3FmJkC1McT1nbSdUZINmAMHDM/view?usp=sharing,https://drive.google.com/uc?export=download&id=1D91YnHG3FmJkC1McT1nbSdUZINmAMHDM,,13.12255859
GREATER NOIDA ,01-11-2016,14,30,22,35,https://drive.google.com/file/d/1wzVfYgMTzwLd6wseBTx1eDn34neGJ8Fv/view?usp=sharing,https://drive.google.com/uc?export=download&id=1wzVfYgMTzwLd6wseBTx1eDn34neGJ8Fv,,5.020141602
GREATER NOIDA ,26-11-2016,14,30,22,35,https://drive.google.com/file/d/1q_tKRlTqsvzbT5_7ZHU1EGBZjqjPl188/view?usp=sharing,https://drive.google.com/uc?export=download&id=1q_tKRlTqsvzbT5_7ZHU1EGBZjqjPl188,,5.265808105
GREATER NOIDA ,31-12-2016,14,30,22,79,https://drive.google.com/file/d/1iq8n8MtW51Fat64ULKub8omzdwwQOKTp/view?usp=sharing,https://drive.google.com/uc?export=download&id=1iq8n8MtW51Fat64ULKub8omzdwwQOKTp,,4.641723633
GREATER NOIDA ,01-02-2017,11,23,17,69,https://drive.google.com/file/d/1Y6IP51bghctGLHYZMwHOuE_Z7uvRHzlJ/view?usp=sharing,https://drive.google.com/uc?export=download&id=1Y6IP51bghctGLHYZMwHOuE_Z7uvRHzlJ,,5.023193359
GREATER NOIDA ,14-02-2017,12,24,18,69,https://drive.google.com/file/d/1d5rQrV_b752dR-PGcVa3CAyOk3hE5kzS/view?usp=sharing,https://drive.google.com/uc?export=download&id=1d5rQrV_b752dR-PGcVa3CAyOk3hE5kzS,,5.307006836
GREATER NOIDA ,15-02-2017,12,24,18,69,https://drive.google.com/file/d/1ZLxaCHB9kGymZETTZUP7VgP1FZ0vMTwE/view?usp=sharing,https://drive.google.com/uc?export=download&id=1ZLxaCHB9kGymZETTZUP7VgP1FZ0vMTwE,,0.950622559
GREATER NOIDA ,22-02-2017,13,25,19,69,https://drive.google.com/file/d/1vzE2OZ8LK1x2KLOD9x8Cv9ua2y07_lqy/view?usp=sharing,https://drive.google.com/uc?export=download&id=1vzE2OZ8LK1x2KLOD9x8Cv9ua2y07_lqy,,0.263977051
GREATER NOIDA ,01-03-2017,14,26,20,59,https://drive.google.com/file/d/1BqyBHzaL76Xo_1UqMwEZHTdbYfeGPkMo/view?usp=sharing,https://drive.google.com/uc?export=download&id=1BqyBHzaL76Xo_1UqMwEZHTdbYfeGPkMo,,4.833984375
GREATER NOIDA ,06-03-2017,15,27,21,59,https://drive.google.com/file/d/18J7JbLnXpXgIaD_4oNHkt1SmV48I6X1h/view?usp=sharing,https://drive.google.com/uc?export=download&id=18J7JbLnXpXgIaD_4oNHkt1SmV48I6X1h,,3.045654297
GREATER NOIDA ,12-03-2017,15,27,21,59,https://drive.google.com/file/d/1KeSbQyixwlYzJEJb09aVIkMslPv5Zz50/view?usp=sharing,https://drive.google.com/uc?export=download&id=1KeSbQyixwlYzJEJb09aVIkMslPv5Zz50,,0.256347656
GREATER NOIDA ,15-03-2017,15,27,21,59,https://drive.google.com/file/d/133dWU_tHpv9VA0h7r32CS4jhkijcTa7F/view?usp=sharing,https://drive.google.com/uc?export=download&id=133dWU_tHpv9VA0h7r32CS4jhkijcTa7F,,2.156066895
GREATER NOIDA ,01-11-2017,14,30,22,67,https://drive.google.com/file/d/1SW1orlvdx5dkNGItyiqKAvyA6dMEkG4w/view?usp=sharing,https://drive.google.com/uc?export=download&id=1SW1orlvdx5dkNGItyiqKAvyA6dMEkG4w,,1.333618164
GREATER NOIDA ,16-11-2017,14,30,22,67,https://drive.google.com/file/d/12bytB5H9APXvTpN7OZPSJPVEU57SAwQb/view?usp=sharing,https://drive.google.com/uc?export=download&id=12bytB5H9APXvTpN7OZPSJPVEU57SAwQb,,0.180053711
GREATER NOIDA ,31-12-2017,11,22,16,74,https://drive.google.com/file/d/1TjMHBIUQOkUmA02uxeKcpQhx0nrtcQgA/view?usp=sharing,https://drive.google.com/uc?export=download&id=1TjMHBIUQOkUmA02uxeKcpQhx0nrtcQgA,,13.5055542
GREATER NOIDA ,01-03-2018,14,26,20,59,https://drive.google.com/file/d/1vZLxi670iuyCY3QGcWyp4kWzEWZypnED/view?usp=sharing,https://drive.google.com/uc?export=download&id=1vZLxi670iuyCY3QGcWyp4kWzEWZypnED,,2.725219727
GREATER NOIDA ,17-03-2018,15,27,21,59,https://drive.google.com/file/d/1a3tRMf4jKpGYKuswQlGrZq7Jo4ZeaTcP/view?usp=sharing,https://drive.google.com/uc?export=download&id=1a3tRMf4jKpGYKuswQlGrZq7Jo4ZeaTcP,,1.715087891
GREATER NOIDA ,01-04-2018,20,35,28,44,https://drive.google.com/file/d/1ydMSlUXePGMlqvtxODW5LSQ-XctYG-sE/view?usp=sharing,https://drive.google.com/uc?export=download&id=1ydMSlUXePGMlqvtxODW5LSQ-XctYG-sE,,5.191040039
GREATER NOIDA ,05-04-2018,20,35,28,44,https://drive.google.com/file/d/17jrpwm9NgZXb7zOjpYjeSvazeBLtcKbc/view?usp=sharing,https://drive.google.com/uc?export=download&id=17jrpwm9NgZXb7zOjpYjeSvazeBLtcKbc,,5.14831543
GREATER NOIDA ,01-05-2018,26,40,33,42,https://drive.google.com/file/d/1pZG7AKb1t4GNViwvHu_jIE1iPdv2kM_3/view?usp=sharing,https://drive.google.com/uc?export=download&id=1pZG7AKb1t4GNViwvHu_jIE1iPdv2kM_3,,2.381896973
GREATER NOIDA ,13-05-2018,26,40,33,42,https://drive.google.com/file/d/1x4yGKxfoUpEMqdOTqlsmAi3cfGZ46I0Z/view?usp=sharing,https://drive.google.com/uc?export=download&id=1x4yGKxfoUpEMqdOTqlsmAi3cfGZ46I0Z,,1.998901367
GREATER NOIDA ,01-09-2018,26,34,30,70,https://drive.google.com/file/d/1Sb0qahdigggTx0hRxzrREv081ZiILFAo/view?usp=sharing,https://drive.google.com/uc?export=download&id=1Sb0qahdigggTx0hRxzrREv081ZiILFAo,,8.932495117
GREATER NOIDA ,09-09-2018,26,34,30,70,https://drive.google.com/file/d/1_C37WUV8kfMrA2_FSnB44lPLfz6dK0P9/view?usp=sharing,https://drive.google.com/uc?export=download&id=1_C37WUV8kfMrA2_FSnB44lPLfz6dK0P9,,13.30413818
GREATER NOIDA ,01-10-2018,20,34,27,63,https://drive.google.com/file/d/1r6lxK314_-UFwlU_0zsj1Gmrhema5ewb/view?usp=sharing,https://drive.google.com/uc?export=download&id=1r6lxK314_-UFwlU_0zsj1Gmrhema5ewb,,1.676940918
GREATER NOIDA ,11-10-2018,20,34,27,63,https://drive.google.com/file/d/1fCuRbdxNKK79umNSGOzSX3suI6WPRlzw/view?usp=sharing,https://drive.google.com/uc?export=download&id=1fCuRbdxNKK79umNSGOzSX3suI6WPRlzw,,0.019836426
GREATER NOIDA ,12-10-2018,20,34,27,63,https://drive.google.com/file/d/1jAx25rpDxPZw57eBtCFtgFVnnvVoAbF7/view?usp=sharing,https://drive.google.com/uc?export=download&id=1jAx25rpDxPZw57eBtCFtgFVnnvVoAbF7,,12.15209961
GREATER NOIDA ,15-10-2018,20,34,27,63,https://drive.google.com/file/d/1SBNiSCB7EJtfdw9txj-UYG_NHkeINg72/view?usp=sharing,https://drive.google.com/uc?export=download&id=1SBNiSCB7EJtfdw9txj-UYG_NHkeINg72,,20.27130127
GREATER NOIDA ,25-10-2018,20,34,27,63,https://drive.google.com/file/d/1uric6eIgQqjEvqBpLollINz1VCwFuYgp/view?usp=sharing,https://drive.google.com/uc?export=download&id=1uric6eIgQqjEvqBpLollINz1VCwFuYgp,,5.825805664
GREATER NOIDA ,30-10-2018,20,34,27,63,https://drive.google.com/file/d/1ypspkM42VDZ0BMn6yYYJEAx3jBk-J26H/view?usp=sharing,https://drive.google.com/uc?export=download&id=1ypspkM42VDZ0BMn6yYYJEAx3jBk-J26H,,3.898620605
GREATER NOIDA ,01-11-2018,14,30,22,67,https://drive.google.com/file/d/1q9-37ryVu_Zld63udjxJq-zwzNzLRdo2/view?usp=sharing,https://drive.google.com/uc?export=download&id=1q9-37ryVu_Zld63udjxJq-zwzNzLRdo2,,4.414367676
GREATER NOIDA ,02-11-2018,14,30,22,67,https://drive.google.com/file/d/1IACu-9o-cpGtCe7NlOglLunaAKMM3yV6/view?usp=sharing,https://drive.google.com/uc?export=download&id=1IACu-9o-cpGtCe7NlOglLunaAKMM3yV6,,4.034423828
GREATER NOIDA ,06-11-2018,14,30,22,67,https://drive.google.com/file/d/1XmkEJjS3K-3Qd0mFiUWSp3BrVQyL6ZO7/view?usp=sharing,https://drive.google.com/uc?export=download&id=1XmkEJjS3K-3Qd0mFiUWSp3BrVQyL6ZO7,,0.971984863
GREATER NOIDA ,11-11-2018,14,30,22,67,https://drive.google.com/file/d/1Xa5Tzjr0E7sg5h3u6WBoCCvKWEiCiZOy/view?usp=sharing,https://drive.google.com/uc?export=download&id=1Xa5Tzjr0E7sg5h3u6WBoCCvKWEiCiZOy,,2.033996582
GREATER NOIDA ,15-11-2018,14,30,22,67,https://drive.google.com/file/d/14tF14h6cV_0TzdGFceYsyNzcMxPgjxC5/view?usp=sharing,https://drive.google.com/uc?export=download&id=14tF14h6cV_0TzdGFceYsyNzcMxPgjxC5,,2.597045898
GREATER NOIDA ,24-11-2018,14,30,22,67,https://drive.google.com/file/d/1KYBekVcI73HFoQ0mZ1fcsUQLByEeYuHX/view?usp=sharing,https://drive.google.com/uc?export=download&id=1KYBekVcI73HFoQ0mZ1fcsUQLByEeYuHX,,0.216674805
GREATER NOIDA ,30-11-2018,14,30,22,67,https://drive.google.com/file/d/1TMnUO3fA6BmczbwoCcL6aquIINQDRaUp/view?usp=sharing,https://drive.google.com/uc?export=download&id=1TMnUO3fA6BmczbwoCcL6aquIINQDRaUp,,2.035522461
GREATER NOIDA ,01-12-2018,11,22,16,74,https://drive.google.com/file/d/1JnUPw2tLmTplqXQVeLk6PGYv3sXLw5tj/view?usp=sharing,https://drive.google.com/uc?export=download&id=1JnUPw2tLmTplqXQVeLk6PGYv3sXLw5tj,,3.414916992
GREATER NOIDA ,02-12-2018,11,22,16,74,https://drive.google.com/file/d/19lVeGHLuzkRnnjg91MSUEYQEDtLj2tHM/view?usp=sharing,https://drive.google.com/uc?export=download&id=19lVeGHLuzkRnnjg91MSUEYQEDtLj2tHM,,1.051330566
GREATER NOIDA ,09-12-2018,11,22,16,74,https://drive.google.com/file/d/1A3pPkpn8YNzVLljIP-zWzY9Jg85g91MR/view?usp=sharing,https://drive.google.com/uc?export=download&id=1A3pPkpn8YNzVLljIP-zWzY9Jg85g91MR,,1.986694336
GREATER NOIDA ,14-12-2018,11,22,16,74,https://drive.google.com/file/d/1zIZzLN-wBqyI7vngUz8f8lCJtvUxYuaf/view?usp=sharing,https://drive.google.com/uc?export=download&id=1zIZzLN-wBqyI7vngUz8f8lCJtvUxYuaf,,0.480651855
GREATER NOIDA ,25-12-2018,11,22,16,74,https://drive.google.com/file/d/1HgKQrLvhoyVZYkAsEasvF8KN2s3mQP8-/view?usp=sharing,https://drive.google.com/uc?export=download&id=1HgKQrLvhoyVZYkAsEasvF8KN2s3mQP8-,,2.317810059
GREATER NOIDA ,01-01-2019,11,22,16,74,https://drive.google.com/file/d/16gA9noejIUhetKR70LLEKU87BtEQYUtr/view?usp=sharing,https://drive.google.com/uc?export=download&id=16gA9noejIUhetKR70LLEKU87BtEQYUtr,,2.601623535
GREATER NOIDA ,10-01-2019,11,22,16,74,https://drive.google.com/file/d/1QKj4LdmlqDLU1xeXjUsnwna5AfDK2fQ5/view?usp=sharing,https://drive.google.com/uc?export=download&id=1QKj4LdmlqDLU1xeXjUsnwna5AfDK2fQ5,,0.846862793
GREATER NOIDA ,01-03-2019,14,26,20,59,https://drive.google.com/file/d/1KDqG-ZejBjW3a4zwQR7jRqLoUVIcnxjb/view?usp=sharing,https://drive.google.com/uc?export=download&id=1KDqG-ZejBjW3a4zwQR7jRqLoUVIcnxjb,,3.771972656
GREATER NOIDA ,08-03-2019,14,26,20,59,https://drive.google.com/file/d/1RdtCOAaXq4rqmPen517L238dwC4UQN6x/view?usp=sharing,https://drive.google.com/uc?export=download&id=1RdtCOAaXq4rqmPen517L238dwC4UQN6x,,1.943969727
GREATER NOIDA ,15-03-2019,14,26,20,59,https://drive.google.com/file/d/1ZkLGCEMF3P3vH70P9CwynqBjrV_J--S-/view?usp=sharing,https://drive.google.com/uc?export=download&id=1ZkLGCEMF3P3vH70P9CwynqBjrV_J--S-,,3.779602051
GREATER NOIDA ,18-03-2019,14,26,20,59,https://drive.google.com/file/d/1ojRIoO-CsoK2QM9J_L4AklFnHgdOxOGJ/view?usp=sharing,https://drive.google.com/uc?export=download&id=1ojRIoO-CsoK2QM9J_L4AklFnHgdOxOGJ,,1.905822754
GREATER NOIDA ,20-03-2019,14,26,20,59,https://drive.google.com/file/d/1DQAVOD60QkTFrOB2WXIhGpbT7rrsN8Xm/view?usp=sharing,https://drive.google.com/uc?export=download&id=1DQAVOD60QkTFrOB2WXIhGpbT7rrsN8Xm,,0.996398926
GREATER NOIDA ,25-03-2019,14,26,20,59,https://drive.google.com/file/d/1zd4Io_Za2TS1kJIo6f5LsvyUz-74qIXd/view?usp=sharing,https://drive.google.com/uc?export=download&id=1zd4Io_Za2TS1kJIo6f5LsvyUz-74qIXd,,2.69317627
GREATER NOIDA ,29-03-2019,14,26,20,59,https://drive.google.com/file/d/1EceoWjquU_kMXNrBZJdFvqMFLq_1pa-Z/view?usp=sharing,https://drive.google.com/uc?export=download&id=1EceoWjquU_kMXNrBZJdFvqMFLq_1pa-Z,,5.535888672
GREATER NOIDA ,30-03-2019,14,26,20,59,https://drive.google.com/file/d/17NLvs3X8MOeaPXPDt8ezl7Yn-YFAoMow/view?usp=sharing,https://drive.google.com/uc?export=download&id=17NLvs3X8MOeaPXPDt8ezl7Yn-YFAoMow,,9.359741211
GREATER NOIDA ,15-04-2019,20,35,28,44,https://drive.google.com/file/d/1E5bCG7TwIYF7OtiCRX7hLsaGNnK1ZuEr/view?usp=sharing,https://drive.google.com/uc?export=download&id=1E5bCG7TwIYF7OtiCRX7hLsaGNnK1ZuEr,,5.792236328
GREATER NOIDA ,20-04-2019,20,35,28,44,https://drive.google.com/file/d/1ncUx_opzohFxa-TT6w7dRZsPE1tgJpGP/view?usp=sharing,https://drive.google.com/uc?export=download&id=1ncUx_opzohFxa-TT6w7dRZsPE1tgJpGP,,5.912780762
GREATER NOIDA ,01-05-2019,26,40,33,42,https://drive.google.com/file/d/1X_m6xHIziG6lfh3xFMGknJcOwZ49gz-Q/view?usp=sharing,https://drive.google.com/uc?export=download&id=1X_m6xHIziG6lfh3xFMGknJcOwZ49gz-Q,,3.567504883
GREATER NOIDA ,18-05-2019,26,40,33,42,https://drive.google.com/file/d/1X_m6xHIziG6lfh3xFMGknJcOwZ49gz-Q/view?usp=sharing,https://drive.google.com/uc?export=download&id=1X_m6xHIziG6lfh3xFMGknJcOwZ49gz-Q,,3.567504883
GREATER NOIDA ,01-06-2019,28,42,35,54,https://drive.google.com/file/d/1tQsFtE23j-4M4XhZ2-8vetztVrXszCWr/view?usp=sharing,https://drive.google.com/uc?export=download&id=1tQsFtE23j-4M4XhZ2-8vetztVrXszCWr,,0.128173828
GREATER NOIDA ,11-06-2019,28,42,35,54,https://drive.google.com/file/d/1akOAelssHeYANJxY1tGtRG5NDtiTtjVo/view?usp=sharing,https://drive.google.com/uc?export=download&id=1akOAelssHeYANJxY1tGtRG5NDtiTtjVo,,0.024414063
GREATER NOIDA ,01-09-2019,26,34,30,70,https://drive.google.com/file/d/1KK9KCeFd8VeUAm-3AJKLz5SVSmMe5e2D/view?usp=sharing,https://drive.google.com/uc?export=download&id=1KK9KCeFd8VeUAm-3AJKLz5SVSmMe5e2D,,0.032043457
GREATER NOIDA ,12-09-2019,26,34,30,70,https://drive.google.com/file/d/1unjD-21S_zDwkHPIUcYSGUVqqEih8vl0/view?usp=sharing,https://drive.google.com/uc?export=download&id=1unjD-21S_zDwkHPIUcYSGUVqqEih8vl0,,0.001525879
GREATER NOIDA ,01-10-2019,20,34,27,70,https://drive.google.com/file/d/1FRBwcrkKSW6HHp3FYkEsrEFunldBs2Ui/view?usp=sharing,https://drive.google.com/uc?export=download&id=1FRBwcrkKSW6HHp3FYkEsrEFunldBs2Ui,,0.717163086
GREATER NOIDA ,14-10-2019,20,34,27,70,https://drive.google.com/file/d/1GSYMoYU_mJrRRZoOI_HYYxvyfQNkXgeV/view?usp=sharing,https://drive.google.com/uc?export=download&id=1GSYMoYU_mJrRRZoOI_HYYxvyfQNkXgeV,,0.004577637
GREATER NOIDA ,23-10-2019,20,34,27,70,https://drive.google.com/file/d/1YVqBhqs3THP9CRhevkO2XGFHApbJtXdE/view?usp=sharing,https://drive.google.com/uc?export=download&id=1YVqBhqs3THP9CRhevkO2XGFHApbJtXdE,,0.924682617
GREATER NOIDA ,01-11-2019,14,30,22,70,https://drive.google.com/file/d/1E1lW9bffP7ytlqomat-btG8BcMMBRqCM/view?usp=sharing,https://drive.google.com/uc?export=download&id=1E1lW9bffP7ytlqomat-btG8BcMMBRqCM,,1.829528809
GREATER NOIDA ,15-11-2019,14,30,22,70,https://drive.google.com/file/d/1E1lW9bffP7ytlqomat-btG8BcMMBRqCM/view?usp=sharing,https://drive.google.com/uc?export=download&id=1E1lW9bffP7ytlqomat-btG8BcMMBRqCM,,1.829528809
GREATER NOIDA ,31-12-2019,11,22,16,70,https://drive.google.com/file/d/1E1lW9bffP7ytlqomat-btG8BcMMBRqCM/view?usp=sharing,https://drive.google.com/uc?export=download&id=1E1lW9bffP7ytlqomat-btG8BcMMBRqCM,,1.829528809
GREATER NOIDA ,01-02-2020,11,23,17,70,https://drive.google.com/file/d/1wyMk_5xJdNJM_yo70-Z70HvN3NLnOhJb/view?usp=sharing,https://drive.google.com/uc?export=download&id=1wyMk_5xJdNJM_yo70-Z70HvN3NLnOhJb,,0.621032715
GREATER NOIDA ,04-02-2020,11,23,17,70,https://drive.google.com/file/d/1-QaLhEywtNCeg1DvnvX29DH_Ac2krKZC/view?usp=sharing,https://drive.google.com/uc?export=download&id=1-QaLhEywtNCeg1DvnvX29DH_Ac2krKZC,,0.241088867
GREATER NOIDA ,05-02-2020,11,23,17,70,https://drive.google.com/file/d/1XMtBIzEy39RFgIJxDn7SFBv5AUu5MqpB/view?usp=sharing,https://drive.google.com/uc?export=download&id=1XMtBIzEy39RFgIJxDn7SFBv5AUu5MqpB,,0.149536133
GREATER NOIDA ,10-02-2020,11,23,17,70,https://drive.google.com/file/d/13hkboxcFj1qHVVD7httUHHzR0_NjFrXQ/view?usp=sharing,https://drive.google.com/uc?export=download&id=13hkboxcFj1qHVVD7httUHHzR0_NjFrXQ,,0.158691406
GREATER NOIDA ,15-02-2020,11,23,17,70,https://drive.google.com/file/d/1THH38EMWiMs-8s0MRnH2svNmfzkGvIir/view?usp=sharing,https://drive.google.com/uc?export=download&id=1THH38EMWiMs-8s0MRnH2svNmfzkGvIir,,0.904846191
GREATER NOIDA ,16-02-2020,11,23,17,70,https://drive.google.com/file/d/1gOlNl2cud0qQ4T-dWIalxuhP1X2-osJK/view?usp=sharing,https://drive.google.com/uc?export=download&id=1gOlNl2cud0qQ4T-dWIalxuhP1X2-osJK,,2.206420898
GREATER NOIDA ,17-02-2020,11,23,17,70,https://drive.google.com/file/d/16k1KSGFe_vRnE9m29b0_nJSgxC9UACrS/view?usp=sharing,https://drive.google.com/uc?export=download&id=16k1KSGFe_vRnE9m29b0_nJSgxC9UACrS,,1.309204102
GREATER NOIDA ,25-02-2020,11,23,17,70,https://drive.google.com/file/d/1lRslGeVJYon-1SyXfjXXQVzD32h83cnw/view?usp=sharing,https://drive.google.com/uc?export=download&id=1lRslGeVJYon-1SyXfjXXQVzD32h83cnw,,1.026916504
GREATER NOIDA ,28-02-2020,11,23,17,70,https://drive.google.com/file/d/1o3i1tC6JcYM_nP4ty4D_LS24I8qp3aDh/view?usp=sharing,https://drive.google.com/uc?export=download&id=1o3i1tC6JcYM_nP4ty4D_LS24I8qp3aDh,,2.606201172
GREATER NOIDA ,29-02-2020,11,23,17,70,https://drive.google.com/file/d/1Ie5dUqbKnRUJbsGbEOt12Z4C6_K5kaPj/view?usp=sharing,https://drive.google.com/uc?export=download&id=1Ie5dUqbKnRUJbsGbEOt12Z4C6_K5kaPj,,1.998901367
GREATER NOIDA ,01-04-2020,20,35,28,70,https://drive.google.com/file/d/1Ovb1Xfvpbv-nBEmzMWNUfJu3_ocA0xPy/view?usp=sharing,https://drive.google.com/uc?export=download&id=1Ovb1Xfvpbv-nBEmzMWNUfJu3_ocA0xPy,,5.09185791
GREATER NOIDA ,29-04-2020,20,35,28,70,https://drive.google.com/file/d/1nB9BSVaL3zgvWSyTiVkkTteGKAh-NxQe/view?usp=sharing,https://drive.google.com/uc?export=download&id=1nB9BSVaL3zgvWSyTiVkkTteGKAh-NxQe,,4.914855957
GREATER NOIDA ,01-05-2020,26,40,33,70,https://drive.google.com/file/d/11NpQS7BoklwZE6Z_tLmFTpIZe87zAbbm/view?usp=sharing,https://drive.google.com/uc?export=download&id=11NpQS7BoklwZE6Z_tLmFTpIZe87zAbbm,,19.53430176
GREATER NOIDA ,23-05-2020,26,40,33,70,https://drive.google.com/file/d/1LXLv5FPbIrLlYo8n6U1Vu27HRVDFARNo/view?usp=sharing,https://drive.google.com/uc?export=download&id=1LXLv5FPbIrLlYo8n6U1Vu27HRVDFARNo,,21.89178467
GREATER NOIDA ,01-06-2020,28,42,35,70,https://drive.google.com/file/d/1POxeaxlpxMkWeftHbn7YKrOf9p0ZwMwk/view?usp=sharing,https://drive.google.com/uc?export=download&id=1POxeaxlpxMkWeftHbn7YKrOf9p0ZwMwk,,11.19537354
GREATER NOIDA ,28-06-2020,28,42,35,70,https://drive.google.com/file/d/1-epZU39KlCEYZZDPWnGPSbFdg0PalSyC/view?usp=sharing,https://drive.google.com/uc?export=download&id=1-epZU39KlCEYZZDPWnGPSbFdg0PalSyC,,12.42675781
GREATER NOIDA ,01-10-2020,20,34,27,70,https://drive.google.com/file/d/1ceXJt7NvJ_X6jrIsXjB_U5t_nbX839gW/view?usp=sharing,https://drive.google.com/uc?export=download&id=1ceXJt7NvJ_X6jrIsXjB_U5t_nbX839gW,,10.4598999
GREATER NOIDA ,20-10-2020,20,34,27,70,https://drive.google.com/file/d/1TfMbq17dFx37Q7LaqPye0Vvvj2HSHF5d/view?usp=sharing,https://drive.google.com/uc?export=download&id=1TfMbq17dFx37Q7LaqPye0Vvvj2HSHF5d,,9.448242188
GREATER NOIDA ,01-03-2021,14,26,20,70,https://drive.google.com/file/d/1Sa8pkWCYm1sqUP1O8tQs5I4U2n8erns6/view?usp=sharing,https://drive.google.com/uc?export=download&id=1Sa8pkWCYm1sqUP1O8tQs5I4U2n8erns6,,21.62017822
GREATER NOIDA ,02-03-2021,14,26,20,70,https://drive.google.com/file/d/1m21QgBcUpS_rjrxjo0PKvuBmCI0J5TbQ/view?usp=sharing,https://drive.google.com/uc?export=download&id=1m21QgBcUpS_rjrxjo0PKvuBmCI0J5TbQ,,14.9810791
GREATER NOIDA ,01-06-2021,28,42,35,70,https://drive.google.com/file/d/1Hedw0iLyo_s2_R0prYV4EI9anJ5L307h/view?usp=sharing,https://drive.google.com/uc?export=download&id=1Hedw0iLyo_s2_R0prYV4EI9anJ5L307h,,0.891113281
GREATER NOIDA ,26-06-2021,28,42,35,70,https://drive.google.com/file/d/11H7qfC9DeC3zGi854hCh_b4sBejDFHHV/view?usp=sharing,https://drive.google.com/uc?export=download&id=11H7qfC9DeC3zGi854hCh_b4sBejDFHHV,,0.749206543
GREATER NOIDA ,01-11-2021,14,30,22,70,https://drive.google.com/file/d/1aALNDVSl3qBMA_Tue_MbpCKN2XiPo1zn/view?usp=sharing,https://drive.google.com/uc?export=download&id=1aALNDVSl3qBMA_Tue_MbpCKN2XiPo1zn,,1.629638672
GREATER NOIDA ,21-11-2021,14,30,22,70,https://drive.google.com/file/d/1T5BBRolARwbmqeehojyAFEXVo_vyziOC/view?usp=sharing,https://drive.google.com/uc?export=download&id=1T5BBRolARwbmqeehojyAFEXVo_vyziOC,,0.103759766
GREATER NOIDA ,01-12-2021,11,22,16,70,https://drive.google.com/file/d/1PHsVZyHB7jSL5ENgrV_B7vEJrC632PHF/view?usp=sharing,https://drive.google.com/uc?export=download&id=1PHsVZyHB7jSL5ENgrV_B7vEJrC632PHF,,1.519775391
GREATER NOIDA ,08-12-2021,11,22,16,70,https://drive.google.com/file/d/1gNZ7tgJEORY8QALuSVO1Qb7vsUmWx2bd/view?usp=sharing,https://drive.google.com/uc?export=download&id=1gNZ7tgJEORY8QALuSVO1Qb7vsUmWx2bd,,0.218200684
GREATER NOIDA ,31-12-2021,11,22,16,70,https://drive.google.com/file/d/1papFReKyDwO0aRmJ6YDBcYldyN1hPm5s/view?usp=sharing,https://drive.google.com/uc?export=download&id=1papFReKyDwO0aRmJ6YDBcYldyN1hPm5s,,13.72833252
GREATER NOIDA ,01-03-2022,14,26,20,70,https://drive.google.com/file/d/1Imx3E9hHJlB0d4ta3LHbNJfCyeFi-5Ts/view?usp=sharing,https://drive.google.com/uc?export=download&id=1Imx3E9hHJlB0d4ta3LHbNJfCyeFi-5Ts,,8.779907227
GREATER NOIDA ,12-03-2022,14,26,20,70,https://drive.google.com/file/d/1S1fc9OiIVoeCY2nNkUKSICb35SP6lC-q/view?usp=sharing,https://drive.google.com/uc?export=download&id=1S1fc9OiIVoeCY2nNkUKSICb35SP6lC-q,,8.671569824
GREATER NOIDA ,15-03-2022,14,26,20,70,https://drive.google.com/file/d/1NYpB4hh-USoML92Mh1chn6D5A_LcwuN-/view?usp=sharing,https://drive.google.com/uc?export=download&id=1NYpB4hh-USoML92Mh1chn6D5A_LcwuN-,,20.10955811
GREATER NOIDA ,25-03-2022,14,26,20,70,https://drive.google.com/file/d/1p-tOtLlutYdldVEsVmvMvUlvj6fWSZSd/view?usp=sharing,https://drive.google.com/uc?export=download&id=1p-tOtLlutYdldVEsVmvMvUlvj6fWSZSd,,14.35852051
GREATER NOIDA ,30-03-2022,14,26,20,70,https://drive.google.com/file/d/1qF5DjQ0ygKgd20mClrX_GDknmtBu1NS7/view?usp=sharing,https://drive.google.com/uc?export=download&id=1qF5DjQ0ygKgd20mClrX_GDknmtBu1NS7,,2.49786377
GREATER NOIDA ,31-03-2022,14,26,20,70,https://drive.google.com/file/d/1Uqtssja3-4aMhJHJNWxPOwlmGEYIewBe/view?usp=sharing,https://drive.google.com/uc?export=download&id=1Uqtssja3-4aMhJHJNWxPOwlmGEYIewBe,,1.786804199
GREATER NOIDA ,01-10-2022,20,34,27,70,https://drive.google.com/file/d/1-yN03VebYJ6l3phW7BZva2oGL6lgYo6M/view?usp=sharing,https://drive.google.com/uc?export=download&id=1-yN03VebYJ6l3phW7BZva2oGL6lgYo6M,,2.590942383
GREATER NOIDA ,03-10-2022,20,34,27,70,https://drive.google.com/file/d/1ZDURqJ5YPCs-JRCLAHTXmQjdA1yPgG26/view?usp=sharing,https://drive.google.com/uc?export=download&id=1ZDURqJ5YPCs-JRCLAHTXmQjdA1yPgG26,,1.852416992
GREATER NOIDA ,02-12-2022,11,22,16,70,https://drive.google.com/file/d/1oZWV_Izv7V2tJcQ3mxLLJ6OPCOQYffmU/view?usp=sharing,https://drive.google.com/uc?export=download&id=1oZWV_Izv7V2tJcQ3mxLLJ6OPCOQYffmU,,0.151062012
GREATER NOIDA ,03-12-2022,11,22,16,70,https://drive.google.com/file/d/1NYJObWKdyhRn6nOOoNAZ0W6hBjHwD5D4/view?usp=sharing,https://drive.google.com/uc?export=download&id=1NYJObWKdyhRn6nOOoNAZ0W6hBjHwD5D4,,0.148010254
GREATER NOIDA ,15-12-2022,11,22,16,70,https://drive.google.com/file/d/1vqndkB0NU0hQrzIG3Aey0uRExj9clnWl/view?usp=sharing,https://drive.google.com/uc?export=download&id=1vqndkB0NU0hQrzIG3Aey0uRExj9clnWl,,1.669311523
GREATER NOIDA ,31-12-2022,11,22,16,70,https://drive.google.com/file/d/1hQVXqBqOkVwV6cwqPCchAbmcicKub4Im/view?usp=sharing,https://drive.google.com/uc?export=download&id=1hQVXqBqOkVwV6cwqPCchAbmcicKub4Im,,6.376647949
GREATER NOIDA ,01-02-2023,11,23,17,70,https://drive.google.com/file/d/1WrqxaUuBbQ6Tis1YS9_LdBr5XXih7JFe/view?usp=sharing,https://drive.google.com/uc?export=download&id=1WrqxaUuBbQ6Tis1YS9_LdBr5XXih7JFe,,17.75054932
GREATER NOIDA ,08-02-2023,11,23,17,70,https://drive.google.com/file/d/10W2X462pRWBdKqVWA-0e4tP16aacBRJU/view?usp=sharing,https://drive.google.com/uc?export=download&id=10W2X462pRWBdKqVWA-0e4tP16aacBRJU,,11.47460938
GREATER NOIDA ,31-12-2023,11,22,16,70,https://drive.google.com/file/d/1iHN2sFIL0JzAhQIyFBD2jli6K_NkzO6d/view?usp=sharing,https://drive.google.com/uc?export=download&id=1iHN2sFIL0JzAhQIyFBD2jli6K_NkzO6d,,10.16998291
GREATER NOIDA ,01-04-2024,20,35,28,70,https://drive.google.com/file/d/1Qe2PaapMstbJVjtBv0It9eUWgX23QPlK/view?usp=sharing,https://drive.google.com/uc?export=download&id=1Qe2PaapMstbJVjtBv0It9eUWgX23QPlK,,17.81311035
GREATER NOIDA ,27-04-2024,20,35,28,70,https://drive.google.com/file/d/1UdWIdIT8hCZyDUI5EFJ6AijT5NotEe1f/view?usp=sharing,https://drive.google.com/uc?export=download&id=1UdWIdIT8hCZyDUI5EFJ6AijT5NotEe1f,,11.23962402
GREATER NOIDA ,01-03-2025,14,26,20,70,https://drive.google.com/file/d/1kE0ZWsiHuM9bF0kwq6nXNbEOHNRXvybY/view?usp=sharing,https://drive.google.com/uc?export=download&id=1kE0ZWsiHuM9bF0kwq6nXNbEOHNRXvybY,,18.1427002
GREATER NOIDA ,31-03-2025,14,26,20,70,https://drive.google.com/file/d/1n5ffoElNDfQ1B6KukqYCtx7AUer3ns4u/view?usp=sharing,https://drive.google.com/uc?export=download&id=1n5ffoElNDfQ1B6KukqYCtx7AUer3ns4u,,11.47918701
